[
	{
		"title":"PRIVACY & TOS",
		"text1":"Privacy Policy",
		"text2":"Terms of Service",
		"text3":"",
		"text4":"",
		"text5":"",
		"path1":"/privacypolicy",
		"path2":"/terms",
		"path3":"",
		"path4":"",
		"path5":"",
        "classBlock":"col-12 col-lg-4 col-md-6",
        "classInfo":"contact_info mt-x text-center"
	},
	{
		"title":"CONTACT US",
		"text1":"ADDRESS",
		"text2":"STREET",
		"text3":"+91-9999999999",
		"text4":"support@yourdomain.com",
		"path1":"",
		"path2":"",
		"path3":"",
		"path4":"",
        "classBlock":"col-12 col-lg-4 col-md-6",
        "classInfo":"contact_info mt-s text-center",
		"text5":false
	},
	{
		"title":"",
		"text1":"",
		"text2":"",
		"text3":"",
		"text4":"",
		"text5":"",
		"path1":"",
		"path2":"",
		"path3":"",
		"path4":"",
		"path5":"",
        "classBlock":"col-12 col-lg-2 col-md-6",
        "classInfo":"contact_info mt-s text-center"
	}
]