[
	{
		"single_price_table":"single_price_table_content text-center",
		"ClassText1":"",
		"ClassText2":"",
		"ClassText3":"",
		"ClassText4":"",
		"ClassText5":"",
		"ClassText6":"",
		"ClassText7":"",
		"text1":"-10% Off",
		"text2":"Datacenter Plan",
		"text3":"399.99",
		"text4":"Per Month",
		"text5":"250GB Bandwidth",
		"text6":"08 Email Account",
		"text7":"Unlimited Database ",
		"text8":"10GB Free Disk ",
		"text9":"24/7 Support"
	},
	{
		"single_price_table":"single_price_table_content active text-center",
		"ClassText1":"w-text",
		"ClassText2":"w-text",
		"ClassText3":"w-text",
		"ClassText4":"w-text",
		"ClassText5":"w-text",
		"ClassText6":"w-text",
		"ClassText7":"w-text",
		"text1":"-10% Off",
		"text2":"Residential Plan",
		"text3":"$599.99",
		"text4":"Per Month",
		"text5":"250GB Bandwidth",
		"text6":"08 Email Account",
		"text7":"Unlimited Database ",
		"text8":"10GB Free Disk ",
		"text9":"24/7 Support"
	},
	{
		"single_price_table":"single_price_table_content text-center",
		"ClassText1":"",
		"ClassText2":"",
		"ClassText3":"",
		"ClassText4":"",
		"ClassText5":"",
		"ClassText6":"",
		"ClassText7":"",
		"text1":"-10% Off",
		"text2":"Reseller Plan",
		"text3":"$799.99",
		"text4":"Per Month",
		"text5":"250GB Bandwidth",
		"text6":"08 Email Account",
		"text7":"Unlimited Database ",
		"text8":"10GB Free Disk ",
		"text9":"24/7 Support"
	}
]